Symbol,Date,NewsSentiment,Signal_strength,Close,High,Low,Resistance,Support,52High,52Low,Trend,Alpha,Beta,Bucket
ABB.NS,2023-06-23,0.0,0.25,4239.7,4303.8,4216.55,4376.0,3809.5,4376.0,2679.95,Bullish,0.0021427746749441484,2.1777640779396306,Nifty100
AMARAJABAT.ns,2023-06-23,0.0,0.69,635.05,636.9,625.0,641.5,594.65,664.0,485.2,Bullish,1,1,Niftysmallcap100
ABBOTINDIA.ns,2023-06-23,0.0,0.56,22659.3,22719.95,22470.05,23093.5,20751.0,23093.5,18085.4,Bullish,0.0014330916235409802,0.21860299077822795,NIFTYMIDCAP100
ANGELONE.ns,2023-06-23,0.0,0.44,1622.45,1630.0,1571.3,1622.5,1198.1,1634.25,1002.85,Bullish,1,1,Niftysmallcap100
ALOKINDS.ns,2023-06-23,0.0,0.31,17.55,18.3,17.2,18.25,12.6,18.25,10.6,Bullish,1,1,NiftyMicroCap250
BSE.ns,2023-06-23,0.0,0.38,608.55,619.95,596.0,608.55,521.0,611.55,407.8,Bullish,1,1,Niftysmallcap100
BALAMINES.ns,2023-06-23,0.0,0.25,2289.1,2355.0,2275.8,2437.55,1880.0,3100.85,1942.4,Bearish,1,1,Niftysmallcap100
APOLLOHOSP.NS,2023-06-23,0.0,0.25,5045.45,5084.4,5001.0,5218.75,4451.95,5218.75,4200.95,Bullish,0.004376827035926874,0.5735400651776721,Nifty100
ASIANPAINT.NS,2023-06-23,0.0,0.38,3297.7,3304.15,3253.05,3318.7,3046.0,3318.7,2705.65,Bullish,0.0025404054562102505,0.4358320371934402,Nifty100
APOLLOTYRE.ns,2023-06-23,0.0,0.5,415.9,420.65,410.45,419.45,363.4,419.45,273.3,Bullish,0.0021261876045466305,0.5165898105460824,NIFTYMIDCAP100
DMART.NS,2023-06-23,0.0,0.56,3744.05,3845.0,3731.9,4085.6,3382.15,4320.9,3306.8,Bullish,0.003179041188169311,1.7299781303902635,Nifty100
ASHOKLEY.ns,2023-06-23,0.0,0.25,161.6,164.25,159.65,167.95,144.1,167.95,134.6,Bullish,0.004382656998480396,0.5313521250242633,NIFTYMIDCAP100
ASTRAL.ns,2023-06-23,0.0,0.25,1960.5,1972.0,1927.4,2006.95,1634.25,2006.95,1301.3,Bullish,0.004048401873194971,0.392643479960779,NIFTYMIDCAP100
APOLLOPIPE.ns,2023-06-23,0.0,0.25,708.65,728.1,707.0,733.65,600.0,733.65,467.5,Bullish,1,1,NiftyMicroCap250
BIKAJI.ns,2023-06-23,0.0,0.44,426.8,432.4,416.05,426.8,372.25,443.05,310.9,Bullish,1,1,Niftysmallcap100
AUROPHARMA.ns,2023-06-23,0.0,0.44,699.15,701.0,665.75,699.15,582.15,699.15,404.2,Bullish,0.007090913209222919,0.09626990146998782,NIFTYMIDCAP100
ARVINDFASN.ns,2023-06-23,0.0,0.31,327.0,337.0,326.0,341.55,263.95,374.65,265.85,Bullish,1,1,NiftyMicroCap250
BAJFINANCE.NS,2023-06-23,0.0,0.44,6989.65,7055.0,6956.1,7386.2,6729.75,7432.4,5534.45,Bullish,0.0003471569066800395,0.4971547301933925,Nifty100
BIRLACORPN.ns,2023-06-23,0.0,0.62,1225.45,1234.95,1190.5,1243.45,979.95,1243.45,852.9,Bullish,1,1,Niftysmallcap100
ARVIND.ns,2023-06-23,0.0,0.31,135.05,139.8,134.05,137.85,117.2,137.85,79.85,Bullish,1,1,NiftyMicroCap250
BAJAJFINSV.NS,2023-06-23,0.0,0.38,1501.95,1519.7,1483.95,1541.95,1405.0,1800.7,1223.15,Bullish,0.0015981487748047167,1.0439603613429118,Nifty100
BATAINDIA.ns,2023-06-23,0.24,0.64,1625.5,1636.5,1614.45,1650.05,1509.0,1867.5,1387.0,Bullish,0.00016084732401333698,0.758934796926547,NIFTYMIDCAP100
BANKBARODA.NS,2023-06-23,0.0,0.25,192.2,194.15,190.55,198.1,179.3,198.1,136.15,Bullish,0.002018662156834328,1.4317832598896307,Nifty100
BCG.ns,2023-06-23,0.0,0.62,31.4,31.4,31.4,34.75,14.1,39.7,9.35,Bullish,1,1,Niftysmallcap100
ASTRAMICRO.ns,2023-06-23,0.0,0.25,367.95,384.4,365.25,384.4,316.2,384.4,218.3,Bullish,1,1,NiftyMicroCap250
BERGEPAINT.NS,2023-06-23,0.0,0.62,675.65,678.75,669.05,683.5,615.05,683.5,539.5,Bullish,0.002616828123148312,0.6814077264404023,Nifty100
CESC.ns,2023-06-23,0.0,0.5,71.9,73.05,71.6,73.1,68.7,81.2,63.2,Bullish,1,1,Niftysmallcap100
ASTRAZEN.ns,2023-06-23,0.0,0.5,3707.3,3789.0,3690.05,3707.3,3125.0,3707.3,3000.2,Bullish,1,1,NiftyMicroCap250
CARBORUNIV.ns,2023-06-23,0.0,0.25,1192.95,1225.65,1182.0,1238.7,1134.75,1238.7,800.5,Bullish,1,1,Niftysmallcap100
BAJAJCON.ns,2023-06-23,0.0,0.31,187.2,187.8,183.1,194.15,179.0,194.15,147.3,Bullish,1,1,NiftyMicroCap250
BRITANNIA.NS,2023-06-23,0.0,0.56,4970.8,4986.95,4945.3,5069.55,4485.0,5069.55,3713.1,Bullish,0.003952630008320506,1.5611372900904679,Nifty100
CIPLA.NS,2023-06-23,0.0,0.62,989.4,999.95,985.65,1011.25,915.45,1173.4,862.35,Bullish,0.00172577965565213,0.3705119469223389,Nifty100
BOMDYEING.ns,2023-06-23,0.0,0.5,100.3,105.8,99.5,106.5,79.05,106.5,53.9,Bullish,1,1,NiftyMicroCap250
CROMPTON.ns,2023-06-23,0.0,0.38,289.3,291.0,281.45,293.7,256.2,387.65,252.55,Bullish,0.0005912964388758821,1.0740364653492482,NIFTYMIDCAP100
BUTTERFLY.ns,2023-06-23,0.0,0.31,1155.2,1165.65,1131.0,1193.2,1049.4,1768.55,1024.7,Bullish,1,1,NiftyMicroCap250
COCHINSHIP.ns,2023-06-23,0.0,0.38,572.1,586.95,566.45,595.65,468.95,677.5,414.0,Bullish,1,1,Niftysmallcap100
CUMMINSIND.ns,2023-06-23,0.0,0.38,1846.7,1855.5,1807.1,1899.5,1556.0,1899.5,1185.9,Bullish,0.0021191239318317,0.5013501090640003,NIFTYMIDCAP100
CAMS.ns,2023-06-23,0.0,0.38,2156.8,2189.95,2147.85,2229.95,2083.6,2666.9,2015.55,Bullish,1,1,Niftysmallcap100
CARERATING.ns,2023-06-23,0.0,0.38,692.5,697.25,681.85,708.0,632.0,708.0,473.2,Bullish,1,1,NiftyMicroCap250
CREDITACC.ns,2023-06-23,0.0,0.31,1383.7,1396.9,1316.85,1383.7,1168.7,1383.7,854.45,Bullish,1,1,Niftysmallcap100
DEEPAKNTR.ns,2023-06-23,0.0,0.5,2211.7,2282.1,2196.05,2268.0,1918.85,2343.5,1757.4,Bullish,0.000652216893098662,1.3556420547755854,NIFTYMIDCAP100
CMSINFO.ns,2023-06-23,0.0,0.31,344.45,357.25,343.1,355.4,296.45,355.4,269.25,Bullish,1,1,NiftyMicroCap250
CYIENT.ns,2023-06-23,0.0,0.25,1460.3,1487.0,1451.0,1514.55,1264.65,1514.55,730.75,Bullish,1,1,Niftysmallcap100
DRREDDY.NS,2023-06-23,0.0,0.31,4993.9,5015.0,4901.0,4993.9,4384.25,4993.9,4200.95,Bearish,0.00474942665681,0.42556579389007476,Nifty100
CARTRADE.ns,2023-06-23,0.0,0.25,478.35,483.9,470.45,539.35,413.1,609.85,347.9,Bullish,1,1,NiftyMicroCap250
CARYSIL.ns,2023-06-23,0.0,0.62,666.0,688.8,645.0,677.05,542.0,677.05,431.6,Bullish,1,1,NiftyMicroCap250
NYKAA.NS,2023-06-23,0.0,0.62,148.9,151.65,148.35,150.45,122.15,211.6,115.95,Bullish,0.008629953695256952,1.3542904520405281,Nifty100
FORTIS.ns,2023-06-23,0.0,0.5,304.8,309.8,302.65,310.2,271.9,310.2,250.6,Bullish,0.0037215102066439814,0.4298394830198384,NIFTYMIDCAP100
EXIDEIND.ns,2023-06-23,0.0,0.31,232.5,235.65,224.2,232.5,201.0,232.5,154.7,Bullish,1,1,Niftysmallcap100
FACT.ns,2023-06-23,0.0,0.31,415.65,429.0,411.85,423.9,294.0,423.9,114.55,Bullish,1,1,Niftysmallcap100
CONFIPET.ns,2023-06-23,0.0,0.44,73.5,74.2,67.5,73.5,60.55,85.95,56.4,Bullish,1,1,NiftyMicroCap250
GODREJPROP.ns,2023-06-23,0.0,0.38,1499.45,1519.65,1478.7,1569.65,1316.25,1569.65,1013.45,Bullish,0.0025222279088450293,1.1188942324787234,NIFTYMIDCAP100
HCLTECH.NS,2023-06-23,0.0,0.38,1165.15,1170.55,1151.0,1170.45,1088.95,1170.45,994.6,Bullish,0.0016675112340633574,0.5810352952299279,Nifty100
HDFCAMC.NS,2023-06-23,0.0,0.44,2016.1,2025.95,1995.0,2104.9,1740.0,2295.35,1672.85,Bullish,0.003561193417086615,2.3683343270387103,Nifty100
GLENMARK.ns,2023-06-23,0.0,0.25,633.0,638.5,622.05,663.05,581.0,663.05,371.15,Bullish,1,1,Niftysmallcap100
MEDANTA.ns,2023-06-23,0.0,0.5,661.0,667.0,631.6,661.05,557.65,661.05,414.15,Bullish,1,1,Niftysmallcap100
HDFCLIFE.NS,2023-06-23,0.0,0.5,626.9,643.0,623.8,643.7,554.5,643.7,461.4,Bullish,0.0036474772935401203,2.295230003658471,Nifty100
DCXINDIA.ns,2023-06-23,0.0,0.5,262.15,265.8,251.05,282.05,190.0,308.45,140.1,Bullish,1,1,NiftyMicroCap250
DALMIASUG.ns,2023-06-23,0.0,0.44,375.9,398.95,373.6,391.25,346.3,418.8,313.35,Bullish,1,1,NiftyMicroCap250
HONAUT.ns,2023-06-23,0.0,0.38,41527.3,42398.0,41500.0,42649.8,38750.8,43391.4,34487.25,Bullish,0.0007703849271601217,0.8060693632254758,NIFTYMIDCAP100
GRAPHITE.ns,2023-06-23,0.0,0.5,393.25,408.95,391.6,421.65,310.0,421.65,259.7,Bullish,1,1,Niftysmallcap100
IDFCFIRSTB.ns,2023-06-23,0.0,0.31,77.75,79.15,75.55,82.8,65.6,82.8,52.75,Bullish,0.0018904194125661652,1.927319148730607,NIFTYMIDCAP100
DEN.ns,2023-06-23,0.0,0.44,35.35,36.7,35.1,36.25,30.0,38.8,25.85,Bullish,1,1,NiftyMicroCap250
DBL.ns,2023-06-23,0.0,0.5,233.15,241.95,232.0,247.85,161.2,247.85,162.1,Bullish,1,1,NiftyMicroCap250
ICICIGI.NS,2023-06-23,0.0,0.56,1274.4,1280.7,1260.1,1302.55,1066.3,1302.55,1059.6,Bullish,0.0031089893494979106,1.9228938266073197,Nifty100
DCAL.ns,2023-06-23,0.0,0.31,138.15,145.4,137.05,144.3,113.1,144.4,82.1,Bearish,1,1,NiftyMicroCap250
JINDALSTEL.ns,2023-06-23,0.0,0.38,568.85,581.4,567.1,594.15,503.0,610.0,437.9,Bearish,0.0016966295024763677,1.0552018565574122,NIFTYMIDCAP100
ESABINDIA.ns,2023-06-23,0.0,0.44,4051.8,4098.5,4000.0,4051.8,3507.0,4253.05,3281.5,Bullish,1,1,NiftyMicroCap250
L&TFH.ns,2023-06-23,0.0,0.5,118.0,120.4,116.25,123.65,97.6,123.65,77.35,Bullish,0.0034223481235329963,1.9457450859139445,NIFTYMIDCAP100
INDIAMART.ns,2023-06-23,0.0,0.38,2905.5,2938.6,2885.0,2990.5,2716.5,3020.1,2054.38,Bullish,1,1,Niftysmallcap100
EMIL.ns,2023-06-23,0.0,0.5,81.25,82.1,79.15,81.9,70.15,102.2,63.15,Bullish,1,1,NiftyMicroCap250
ELECTCAST.ns,2023-06-23,0.0,0.5,56.1,57.1,54.5,58.2,42.9,58.2,31.75,Bullish,1,1,NiftyMicroCap250
NAUKRI.NS,2023-06-23,0.0,0.25,4306.9,4399.95,4282.25,4474.1,3735.0,4474.1,3375.8,Bullish,0.0009257866524178446,1.5508089667383442,Nifty100
JBCHEPHARM.ns,2023-06-23,0.0,0.25,2311.05,2399.0,2260.55,2392.9,1750.0,2392.9,1894.85,Bullish,1,1,Niftysmallcap100
LUPIN.ns,2023-06-23,0.0,0.56,858.25,865.8,846.3,875.05,769.6,875.05,640.0,Bullish,0.001663497935036153,0.9169641426518912,NIFTYMIDCAP100
FAIRCHEMOR.ns,2023-06-23,0.0,0.38,1263.65,1285.0,1250.25,1356.95,1146.35,2194.15,909.25,Bullish,1,1,NiftyMicroCap250
MRF.ns,2023-06-23,0.0,0.31,99492.05,99977.0,98880.05,100422.2,95225.3,100422.2,82012.0,Bullish,1.3693012619856609e-05,0.473921359813919,NIFTYMIDCAP100
JSL.ns,2023-06-23,0.0,0.44,324.75,328.3,317.05,334.0,276.1,334.0,129.65,Bullish,1,1,Niftysmallcap100
FILATEX.ns,2023-06-23,0.0,0.31,38.85,39.95,38.5,40.7,36.25,50.78,32.05,Bullish,1,1,NiftyMicroCap250
JUBLINGREA.ns,2023-06-23,0.0,0.25,430.05,451.0,428.0,467.35,379.05,582.95,358.5,Bullish,1,1,Niftysmallcap100
KEI.ns,2023-06-23,0.0,0.38,2343.25,2370.0,2320.05,2353.6,1950.0,2353.6,1409.0,Bullish,1,1,Niftysmallcap100
FINOPB.ns,2023-06-23,0.0,0.25,255.2,260.0,252.0,257.5,201.35,268.6,185.1,Bullish,1,1,NiftyMicroCap250
MAXHEALTH.ns,2023-06-23,0.0,0.31,580.55,585.5,565.25,601.65,508.8,601.65,405.5,Bullish,0.002562464960103484,0.9198322489536582,NIFTYMIDCAP100
LT.NS,2023-06-23,0.0,0.38,2389.55,2427.0,2383.25,2416.25,2176.0,2416.25,1876.75,Bullish,0.0036471349718248352,0.49799171755728455,Nifty100
FORCEMOT.ns,2023-06-23,0.0,0.31,2322.5,2351.0,2160.1,2322.5,1358.25,2322.5,1098.25,Bullish,1,1,NiftyMicroCap250
LICI.NS,2023-06-23,0.0,0.44,624.95,646.9,622.75,641.75,566.7,739.95,531.85,Bullish,0.0015138500210014063,0.7621890375591167,Nifty100
KALYANKJIL.ns,2023-06-23,0.0,0.69,126.6,127.7,123.5,132.85,104.6,132.85,91.2,Bullish,1,1,Niftysmallcap100
KARURVYSYA.ns,2023-06-23,0.0,0.25,120.25,123.5,119.25,127.85,101.75,127.85,85.4,Bullish,1,1,Niftysmallcap100
KEC.ns,2023-06-23,0.0,0.5,551.45,555.8,543.25,572.4,511.05,572.4,409.65,Bullish,1,1,Niftysmallcap100
GRSE.ns,2023-06-23,0.0,0.5,561.5,580.9,553.3,598.15,446.0,598.15,399.2,Bullish,1,1,NiftyMicroCap250
GATEWAY.ns,2023-06-23,0.0,0.31,72.5,73.25,71.5,75.0,63.0,75.0,59.05,Bullish,1,1,NiftyMicroCap250
PAYTM.ns,2023-06-23,0.0,0.44,841.7,871.45,834.45,895.75,692.85,895.75,441.1,Bullish,0.008736937209936712,0.5182491317702975,NIFTYMIDCAP100
MANAPPURAM.ns,2023-06-23,0.0,0.38,123.8,125.95,122.85,128.0,108.35,130.5,102.15,Bearish,1,1,Niftysmallcap100
OFSS.ns,2023-06-23,0.0,0.44,3813.25,3860.0,3746.1,3911.65,3519.25,3911.65,2892.9,Bullish,3.60389403616739e-05,1.8033906858180322,NIFTYMIDCAP100
MRPL.ns,2023-06-23,0.0,0.56,76.7,77.9,75.25,78.7,63.7,78.7,49.85,Bullish,1,1,Niftysmallcap100
GLOBUSSPR.ns,2023-06-23,0.0,0.25,1272.05,1297.0,1241.05,1275.25,961.55,1275.25,737.05,Bullish,1,1,NiftyMicroCap250
POLICYBZR.ns,2023-06-23,0.0,0.44,656.95,690.0,648.85,663.6,588.1,663.6,371.55,Bullish,0.0017236490327417783,1.512223616013066,NIFTYMIDCAP100
ICICIPRULI.NS,2023-06-23,0.0,0.44,556.15,567.9,554.4,567.9,425.7,567.9,384.05,Bullish,0.009274998526476072,2.3631348570025965,Nifty100
MAZDOCK.ns,2023-06-23,0.0,0.44,1173.05,1238.0,1162.0,1306.85,737.5,1306.85,619.6,Bullish,1,1,Niftysmallcap100
PATANJALI.ns,2023-06-23,0.0,0.56,1181.85,1189.7,1158.0,1182.8,936.5,1445.75,881.75,Bullish,0.006948006748098642,0.6647090597941145,NIFTYMIDCAP100
GPIL.ns,2023-06-23,0.0,0.5,472.5,478.4,461.55,495.1,355.1,495.1,258.75,Bullish,1,1,NiftyMicroCap250
MEDPLUS.ns,2023-06-23,0.0,0.25,782.95,800.0,780.05,826.9,673.5,826.9,576.3,Bullish,1,1,Niftysmallcap100
GOKEX.ns,2023-06-23,0.0,0.25,478.05,489.0,475.05,513.95,373.6,513.95,341.55,Bullish,1,1,NiftyMicroCap250
METROPOLIS.ns,2023-06-23,0.0,0.5,1386.0,1438.45,1376.05,1456.1,1209.25,1765.25,1197.3,Bullish,1,1,Niftysmallcap100
GRAVITA.ns,2023-06-23,0.0,0.25,611.55,621.6,605.75,628.25,535.55,628.25,344.9,Bullish,1,1,NiftyMicroCap250
MCX.ns,2023-06-23,0.0,0.38,1566.05,1625.8,1517.1,1622.1,1285.05,1660.1,1304.7,Bullish,1,1,Niftysmallcap100
PEL.ns,2023-06-23,0.0,0.44,882.25,928.95,876.7,950.15,740.0,950.15,634.65,Bullish,0.0015100939092121757,3.0495089780041185,NIFTYMIDCAP100
GREENPLY.ns,2023-06-23,0.0,0.38,173.4,175.4,168.85,177.0,154.4,180.85,135.6,Bullish,1,1,NiftyMicroCap250
PFC.ns,2023-06-23,0.0,0.38,200.15,204.0,198.85,208.8,164.1,208.8,101.8,Bullish,0.004779460024870804,1.3803113408032412,NIFTYMIDCAP100
GUFICBIO.ns,2023-06-23,0.0,0.5,227.35,232.8,221.8,238.1,193.55,238.1,179.95,Bullish,1,1,NiftyMicroCap250
PRESTIGE.ns,2023-06-23,0.0,0.69,576.7,580.0,569.4,597.9,471.3,597.9,394.35,Bullish,0.0092297134610814,0.6486307537607117,NIFTYMIDCAP100
GMDCLTD.ns,2023-06-23,0.0,0.5,167.7,168.7,164.75,170.9,158.4,170.9,124.4,Bullish,1,1,NiftyMicroCap250
PNBHOUSING.ns,2023-06-23,0.0,0.44,588.85,615.0,579.2,611.1,455.4,632.0,388.3,Bullish,1,1,Niftysmallcap100
HBLPOWER.ns,2023-06-23,0.0,0.38,146.05,149.4,143.85,152.75,101.75,152.75,90.0,Bullish,1,1,NiftyMicroCap250
RECLTD.ns,2023-06-23,0.0,0.38,156.0,160.9,155.45,163.85,128.35,163.85,91.65,Bullish,0.004265842521232847,1.6520387748653271,NIFTYMIDCAP100
HIL.ns,2023-06-23,0.0,0.38,3102.45,3180.0,3076.65,3241.5,2604.0,3241.5,2239.45,Bullish,1,1,NiftyMicroCap250
SHRIRAMFIN.ns,2023-06-23,0.0,0.38,1676.65,1708.55,1641.85,1734.35,1306.0,1734.35,1192.4,Bullish,0.006423852296490283,1.6787678187893826,NIFTYMIDCAP100
HARSHA.ns,2023-06-23,0.0,0.25,470.45,473.8,414.75,470.45,414.75,470.45,322.8,Bullish,1,1,NiftyMicroCap250
HATHWAY.ns,2023-06-23,0.0,0.38,15.35,15.85,15.3,15.6,13.1,19.15,12.45,Bullish,1,1,NiftyMicroCap250
HEMIPROP.ns,2023-06-23,0.0,0.25,96.3,98.35,96.1,99.9,92.15,118.0,81.4,Bullish,1,1,NiftyMicroCap250
M&M.NS,2023-06-23,0.0,0.25,1373.25,1379.6,1368.5,1411.2,1251.3,1411.2,1128.3,Bullish,0.001509958659299498,0.8031854829026339,Nifty100
HERANBA.ns,2023-06-23,0.0,0.62,385.3,399.85,377.35,401.75,317.35,537.4,267.4,Bullish,1,1,NiftyMicroCap250
RAYMOND.ns,2023-06-23,0.0,0.31,1669.65,1709.9,1651.2,1746.7,1492.05,1746.7,1098.95,Bullish,1,1,Niftysmallcap100
TATACOMM.ns,2023-06-23,0.0,0.44,1560.85,1589.7,1555.55,1639.8,1222.0,1639.8,1176.95,Bullish,0.006207683143492274,2.393088721493679,NIFTYMIDCAP100
HERITGFOOD.ns,2023-06-23,0.0,0.44,212.45,215.0,209.45,220.15,189.0,371.5,137.25,Bullish,1,1,NiftyMicroCap250
HSCL.ns,2023-06-23,0.0,0.25,131.05,134.45,130.5,135.3,117.45,135.3,81.0,Bullish,1,1,NiftyMicroCap250
ROUTE.ns,2023-06-23,0.0,0.25,1554.05,1607.95,1540.05,1642.15,1390.0,1642.15,1142.2,Bullish,1,1,Niftysmallcap100
MUTHOOTFIN.NS,2023-06-23,0.0,0.5,1221.85,1227.0,1195.05,1231.1,1046.0,1231.1,915.8,Bullish,0.00455404366399672,0.9259621226841536,Nifty100
HCC.ns,2023-06-23,0.0,0.44,19.85,20.8,19.6,21.0,16.75,21.95,12.75,Bullish,1,1,NiftyMicroCap250
SAPPHIRE.ns,2023-06-23,0.0,0.25,1358.0,1396.9,1350.1,1455.25,1284.0,1479.05,1149.4,Bullish,1,1,Niftysmallcap100
NTPC.NS,2023-06-23,0.0,0.56,186.7,187.5,183.75,188.2,171.85,188.2,163.0,Bullish,0.002921514889030321,0.49988427555455295,Nifty100
HINDWAREAP.ns,2023-06-23,0.0,0.25,524.85,543.75,509.1,538.85,401.95,538.85,331.35,Bullish,1,1,NiftyMicroCap250
NESTLEIND.NS,2023-06-23,0.0,0.44,22536.85,22619.95,22453.65,22968.55,21275.0,22968.55,17993.35,Bullish,0.0016109136128579552,1.1829191520425035,Nifty100
TRENT.ns,2023-06-23,0.0,0.5,1724.95,1743.9,1694.7,1724.95,1478.1,1724.95,1176.3,Bullish,0.00469827161159645,0.7573444696504253,NIFTYMIDCAP100
ICRA.ns,2023-06-23,0.0,0.25,5068.5,5100.0,5000.0,5068.5,4695.8,5155.15,3972.5,Bullish,1,1,NiftyMicroCap250
SUZLON.ns,2023-06-23,0.0,0.25,13.85,14.15,13.25,15.3,8.5,15.3,7.05,Bullish,1,1,Niftysmallcap100
TRIDENT.ns,2023-06-23,0.0,0.25,33.45,34.95,33.35,34.75,31.95,38.8,25.25,Bullish,0.0012074176704258799,0.30766912100472665,NIFTYMIDCAP100
PIIND.NS,2023-06-23,0.0,0.38,3807.4,3867.85,3792.75,3972.45,3256.45,3972.45,2903.7,Bullish,0.003993299881100684,2.019159639988087,Nifty100
TANLA.ns,2023-06-23,0.0,0.31,1000.6,1028.55,985.05,1052.2,713.6,1052.2,509.8,Bullish,1,1,Niftysmallcap100
TEJASNET.ns,2023-06-23,0.0,0.5,728.95,744.8,725.3,758.2,640.6,758.2,518.55,Bullish,1,1,Niftysmallcap100
PIDILITIND.NS,2023-06-23,0.0,0.38,2658.3,2683.6,2636.0,2697.7,2496.0,2772.4,2268.15,Bullish,0.0012623250123118524,0.9376916023097733,Nifty100
UBL.ns,2023-06-23,0.0,0.38,1490.15,1515.0,1482.0,1512.2,1393.6,1783.55,1369.55,Bullish,9.65170238696085e-05,0.5872370506966534,NIFTYMIDCAP100
POWERGRID.NS,2023-06-23,0.0,0.5,250.1,254.65,249.55,258.2,230.0,258.2,208.1,Bullish,0.0030781869994319084,1.3329637414645286,Nifty100
ICIL.ns,2023-06-23,0.0,0.31,196.5,202.5,194.15,211.05,152.65,211.05,102.85,Bullish,1,1,NiftyMicroCap250
SBILIFE.NS,2023-06-23,0.0,0.25,1262.7,1274.9,1260.5,1295.35,1144.85,1323.1,1062.65,Bullish,0.0014022226253859386,1.8307593060020557,Nifty100
YESBANK.ns,2023-06-23,0.0,0.31,16.0,16.1,15.9,16.75,15.5,23.95,14.75,Bullish,0.0002542091962985662,0.07855741269949544,NIFTYMIDCAP100
INOXWIND.ns,2023-06-23,0.0,0.31,151.9,155.0,148.05,164.5,110.8,164.5,91.35,Bullish,1,1,NiftyMicroCap250
MOTHERSON.NS,2023-06-23,0.0,0.25,83.1,84.7,81.35,85.85,78.35,85.85,62.1,Bullish,0.001284448827113456,1.5644862108183044,Nifty100
ZYDUSLIFE.ns,2023-06-23,0.0,0.56,557.1,561.3,547.9,560.1,484.95,560.1,392.25,Bullish,0.003585968190351525,0.48659966265562177,NIFTYMIDCAP100
ISGEC.ns,2023-06-23,0.0,0.25,670.3,682.0,662.05,679.35,479.05,679.35,422.5,Bullish,1,1,NiftyMicroCap250
SIEMENS.NS,2023-06-23,0.0,0.38,3675.7,3705.9,3640.1,3829.4,3314.05,3891.2,2745.45,Bullish,0.001945789712929549,1.6536412703615084,Nifty100
JKIL.ns,2023-06-23,0.0,0.25,296.8,311.0,295.05,315.0,253.05,315.0,218.15,Bullish,1,1,NiftyMicroCap250
JTEKTINDIA.ns,2023-06-23,0.0,0.38,142.0,144.65,137.75,143.85,116.25,167.15,96.2,Bullish,1,1,NiftyMicroCap250
TATACONSUM.NS,2023-06-23,0.0,0.44,840.85,846.2,831.65,865.0,760.2,865.0,687.55,Bullish,0.0025084836743126397,2.090010890974047,Nifty100
JINDALPOLY.ns,2023-06-23,0.0,0.25,666.0,673.2,657.45,708.85,651.0,882.75,489.7,Bullish,1,1,NiftyMicroCap250
JINDALSAW.ns,2023-06-23,0.0,0.25,230.25,235.9,228.3,247.65,187.55,247.65,77.8,Bullish,1,1,NiftyMicroCap250
MCDOWELL-N.NS,2023-06-23,0.0,0.44,906.6,909.0,888.35,909.35,812.0,941.85,735.65,Bullish,0.002347840443419833,0.26670004014122173,Nifty100
JWL.ns,2023-06-23,0.0,0.25,149.45,155.8,148.9,155.75,112.9,155.75,71.8,Bullish,1,1,NiftyMicroCap250
KKCL.ns,2023-06-23,0.0,0.31,537.65,540.0,526.55,537.65,480.45,556.55,377.65,Bullish,1,1,NiftyMicroCap250
KIRLOSBROS.ns,2023-06-23,0.0,0.25,576.85,596.05,564.2,612.8,530.55,612.8,294.7,Bullish,1,1,NiftyMicroCap250
KOLTEPATIL.ns,2023-06-23,0.0,0.25,326.95,332.95,321.7,346.0,278.0,377.8,232.2,Bullish,1,1,NiftyMicroCap250
KRSNAA.ns,2023-06-23,0.0,0.25,566.55,583.9,558.25,591.1,495.85,591.1,360.4,Bullish,1,1,NiftyMicroCap250
LGBBROSLTD.ns,2023-06-23,0.0,0.38,1040.1,1063.85,933.65,1040.1,778.05,1040.1,652.5,Bullish,1,1,NiftyMicroCap250
DAAWAT.ns,2023-06-23,0.0,0.38,129.65,134.7,129.0,135.6,112.8,135.6,90.6,Bullish,1,1,NiftyMicroCap250
LAOPALA.ns,2023-06-23,0.0,0.5,425.45,432.0,421.15,449.8,370.85,449.8,332.6,Bullish,1,1,NiftyMicroCap250
LANDMARK.ns,2023-06-23,0.0,0.38,717.15,730.0,685.0,730.15,656.45,730.15,445.2,Bullish,1,1,NiftyMicroCap250
MASFIN.ns,2023-06-23,0.0,0.25,776.8,795.0,767.7,789.8,723.7,929.75,687.4,Bullish,1,1,NiftyMicroCap250
MOIL.ns,2023-06-23,0.0,0.56,163.6,164.5,159.3,164.8,151.55,172.5,141.25,Bullish,1,1,NiftyMicroCap250
MSTCLTD.ns,2023-06-23,0.0,0.56,349.65,358.4,336.95,352.55,304.25,352.55,240.0,Bullish,1,1,NiftyMicroCap250
MAHSCOOTER.ns,2023-06-23,0.0,0.25,5429.6,5520.0,5401.3,5478.25,4878.85,5502.85,4102.25,Bullish,1,1,NiftyMicroCap250
MAHSEAMLES.ns,2023-06-23,0.0,0.31,476.45,489.7,470.0,487.0,426.35,487.0,286.5,Bullish,1,1,NiftyMicroCap250
MANINFRA.ns,2023-06-23,0.0,0.25,115.7,119.15,115.0,115.9,90.15,115.9,66.65,Bullish,1,1,NiftyMicroCap250
MARKSANS.ns,2023-06-23,0.0,0.56,92.8,93.35,89.0,94.95,70.55,94.95,47.7,Bullish,1,1,NiftyMicroCap250
MAYURUNIQ.ns,2023-06-23,0.0,0.31,496.1,499.8,488.25,530.2,448.05,530.2,400.05,Bearish,1,1,NiftyMicroCap250
MOL.ns,2023-06-23,0.0,0.31,91.0,93.2,90.05,91.0,80.5,121.0,76.5,Bullish,1,1,NiftyMicroCap250
MINDACORP.ns,2023-06-23,0.0,0.25,282.1,286.8,280.35,298.4,270.55,298.4,189.45,Bullish,1,1,NiftyMicroCap250
MIDHANI.ns,2023-06-23,0.0,0.5,280.8,291.7,277.3,298.65,213.7,298.65,173.75,Bullish,1,1,NiftyMicroCap250
MOLDTKPAC.ns,2023-06-23,0.0,0.38,1016.6,1034.0,1002.0,1023.25,920.0,1092.85,818.45,Bullish,1,1,NiftyMicroCap250
MOREPENLAB.ns,2023-06-23,0.0,0.44,29.7,30.8,29.55,31.25,25.1,42.65,24.35,Bullish,1,1,NiftyMicroCap250
BECTORFOOD.ns,2023-06-23,0.0,0.31,850.4,852.0,828.3,850.4,640.0,850.4,380.95,Bullish,1,1,NiftyMicroCap250
NAVA.ns,2023-06-23,0.0,0.38,320.9,331.2,318.25,329.6,235.5,329.6,180.55,Bullish,1,1,NiftyMicroCap250
NAVNETEDUL.ns,2023-06-23,0.0,0.25,123.05,124.85,121.65,128.4,111.05,143.8,89.35,Bullish,1,1,NiftyMicroCap250
NEULANDLAB.ns,2023-06-23,0.0,0.31,2786.65,2825.05,2745.0,3080.85,2603.6,3080.85,1398.75,Bullish,1,1,NiftyMicroCap250
PCJEWELLER.ns,2023-06-23,0.0,0.44,26.4,26.95,26.3,27.65,23.35,103.85,22.4,Bullish,1,1,NiftyMicroCap250
PSPPROJECT.ns,2023-06-23,0.0,0.44,768.35,785.0,758.0,773.2,687.35,773.2,564.2,Bullish,1,1,NiftyMicroCap250
PTC.ns,2023-06-23,0.0,0.5,117.75,118.8,113.05,119.75,92.2,119.75,69.65,Bullish,1,1,NiftyMicroCap250
PARADEEP.ns,2023-06-23,0.0,0.44,62.05,64.4,61.25,63.6,51.65,63.6,49.0,Bullish,1,1,NiftyMicroCap250
PARAS.ns,2023-06-23,0.0,0.44,609.55,645.0,605.0,637.0,491.15,660.1,450.1,Bullish,1,1,NiftyMicroCap250
PGHL.ns,2023-06-23,0.0,0.25,5148.85,5190.0,5100.05,5318.9,4890.0,5318.9,3953.0,Bullish,1,1,NiftyMicroCap250
PURVA.ns,2023-06-23,0.0,0.5,98.3,99.4,96.15,98.3,81.0,109.2,59.9,Bullish,1,1,NiftyMicroCap250
RKFORGE.ns,2023-06-23,0.0,0.25,429.6,458.0,425.0,469.45,350.4,469.45,219.05,Bullish,1,1,NiftyMicroCap250
RATEGAIN.ns,2023-06-23,0.0,0.44,405.05,409.9,392.35,415.9,370.1,415.9,264.1,Bullish,1,1,NiftyMicroCap250
RTNPOWER.ns,2023-06-23,0.0,0.38,4.7,5.1,4.35,4.7,3.05,4.7,2.85,Bullish,1,1,NiftyMicroCap250
RPOWER.ns,2023-06-23,0.0,0.31,14.75,14.95,14.4,16.75,11.35,16.85,9.15,Bullish,1,1,NiftyMicroCap250
ROLEXRINGS.ns,2023-06-23,0.0,0.44,2175.95,2244.6,2146.1,2228.05,1855.0,2228.05,1689.55,Bullish,1,1,NiftyMicroCap250
SIS.ns,2023-06-23,0.0,0.5,419.75,426.35,415.0,419.75,378.6,424.25,320.65,Bullish,1,1,NiftyMicroCap250
SAFARI.ns,2023-06-23,0.0,0.25,2916.15,2990.0,2900.0,3025.05,2504.95,3025.05,1595.35,Bullish,1,1,NiftyMicroCap250
SAGCEM.ns,2023-06-23,0.0,0.31,221.55,227.25,218.65,225.65,194.05,258.95,181.25,Bullish,1,1,NiftyMicroCap250
SARDAEN.ns,2023-06-23,0.0,0.31,1347.5,1385.55,1340.0,1427.45,1115.15,1427.45,818.8,Bullish,1,1,NiftyMicroCap250
SOTL.ns,2023-06-23,0.0,0.25,288.45,298.9,285.1,303.4,269.6,340.9,236.9,Bearish,1,1,NiftyMicroCap250
SCHNEIDER.ns,2023-06-23,0.0,0.38,248.65,261.7,245.75,260.75,184.65,260.75,140.1,Bullish,1,1,NiftyMicroCap250
SHANTIGEAR.ns,2023-06-23,0.0,0.44,472.45,492.0,462.25,473.85,420.0,473.85,305.7,Bullish,1,1,NiftyMicroCap250
SHAREINDIA.ns,2023-06-23,0.0,0.25,1276.55,1291.45,1268.0,1304.6,1230.3,1384.25,1010.25,Bullish,1,1,NiftyMicroCap250
SHILPAMED.ns,2023-06-23,0.0,0.38,249.15,262.2,246.8,264.95,228.5,341.7,228.2,Bearish,1,1,NiftyMicroCap250
SBCL.ns,2023-06-23,0.0,0.25,627.1,654.95,625.0,667.6,483.0,667.6,362.0,Bullish,1,1,NiftyMicroCap250
STARCEMENT.ns,2023-06-23,0.0,0.44,142.7,144.0,138.15,148.15,124.2,148.15,101.65,Bullish,1,1,NiftyMicroCap250
SSWL.ns,2023-06-23,0.0,0.38,192.05,200.0,190.5,193.15,145.95,193.15,130.95,Bullish,1,1,NiftyMicroCap250
STAR.ns,2023-06-23,0.0,0.44,412.95,417.25,407.5,421.95,346.15,421.95,271.7,Bullish,1,1,NiftyMicroCap250
SUDARSCHEM.ns,2023-06-23,0.0,0.25,497.15,499.8,485.85,507.9,390.2,507.9,360.1,Bullish,1,1,NiftyMicroCap250
SULA.ns,2023-06-23,0.0,0.38,466.3,475.85,461.0,469.6,395.1,469.6,310.75,Bullish,1,1,NiftyMicroCap250
SPLPETRO.ns,2023-06-23,0.0,0.44,450.75,455.0,444.0,471.4,354.55,471.4,343.45,Bullish,1,1,NiftyMicroCap250
SURYAROSNI.ns,2023-06-23,0.0,0.5,837.1,845.0,821.05,838.75,749.4,850.35,407.4,Bullish,1,1,NiftyMicroCap250
TATVA.ns,2023-06-23,0.0,0.56,1809.0,1848.7,1795.0,1829.6,1600.55,2502.75,1613.65,Bullish,1,1,NiftyMicroCap250
TEGA.ns,2023-06-23,0.0,0.38,944.4,964.3,931.55,976.2,737.8,976.2,529.4,Bullish,1,1,NiftyMicroCap250
THOMASCOOK.ns,2023-06-23,0.0,0.38,74.95,77.75,74.6,79.1,59.4,83.25,53.15,Bullish,1,1,NiftyMicroCap250
THYROCARE.ns,2023-06-23,0.0,0.38,491.75,521.7,487.7,528.35,448.0,700.85,419.9,Bullish,1,1,NiftyMicroCap250
TIDEWATER.ns,2023-06-23,0.0,0.25,965.05,984.6,963.05,983.35,857.9,1107.15,815.65,Bullish,1,1,NiftyMicroCap250
TIMETECHNO.ns,2023-06-23,0.0,0.62,119.1,120.9,116.5,122.2,81.4,122.2,69.9,Bullish,1,1,NiftyMicroCap250
TIPSINDLTD.ns,2023-06-23,0.0,0.38,220.75,235.15,217.9,242.25,164.0,242.25,144.01,Bullish,1,1,NiftyMicroCap250
TWL.ns,2023-06-23,0.0,0.25,469.6,486.0,464.75,483.3,321.0,483.3,153.3,Bullish,1,1,NiftyMicroCap250
UJJIVAN.ns,2023-06-23,0.0,0.25,385.7,391.85,382.0,404.5,317.55,404.5,234.1,Bullish,1,1,NiftyMicroCap250
USHAMART.ns,2023-06-23,0.0,0.25,269.4,277.9,266.05,285.95,223.8,285.95,126.9,Bullish,1,1,NiftyMicroCap250
VSTIND.ns,2023-06-23,0.0,0.38,3470.65,3542.95,3450.05,3525.35,3256.0,3794.4,2940.8,Bullish,1,1,NiftyMicroCap250
WABAG.ns,2023-06-23,0.0,0.25,490.95,507.2,482.5,496.9,389.0,496.9,257.25,Bullish,1,1,NiftyMicroCap250
VOLTAMP.ns,2023-06-23,0.0,0.25,3962.05,4028.95,3922.35,4280.05,3267.2,4280.05,2416.8,Bullish,1,1,NiftyMicroCap250
WELENT.ns,2023-06-23,0.0,0.38,202.7,210.0,201.0,209.2,145.55,209.2,118.7,Bullish,1,1,NiftyMicroCap250
WOCKPHARMA.ns,2023-06-23,0.0,0.5,228.85,237.45,215.25,234.85,167.0,244.4,149.3,Bullish,1,1,NiftyMicroCap250
EMUDHRA.ns,2023-06-23,0.0,0.25,405.3,411.95,396.25,437.9,360.65,437.9,210.4,Bullish,1,1,NiftyMicroCap250
